CREATE TABLE "mendixsso$foreignidentity" (
	"id" BIGINT NOT NULL,
	"createddate" TIMESTAMP NULL,
	"uuid" VARCHAR_IGNORECASE(200) NULL,
	PRIMARY KEY("id"),
	CONSTRAINT "uniq_mendixsso$foreignidentity_uuid" UNIQUE ("uuid"));
CREATE INDEX "idx_mendixsso$foreignidentity_uuid_asc" ON "mendixsso$foreignidentity" ("uuid" ASC,"id" ASC);
INSERT INTO "mendixsystem$entity" ("id", 
"entity_name", 
"table_name", 
"remote")
 VALUES ('4963d257-9c3f-4d35-afb4-9a9311719dc8', 
'MendixSSO.ForeignIdentity', 
'mendixsso$foreignidentity', 
false);
INSERT INTO "mendixsystem$attribute" ("id", 
"entity_id", 
"attribute_name", 
"column_name", 
"type", 
"length", 
"default_value", 
"is_auto_number")
 VALUES ('08fe6f49-d601-397e-ad86-24a22e4f7efd', 
'4963d257-9c3f-4d35-afb4-9a9311719dc8', 
'createdDate', 
'createddate', 
20, 
0, 
'', 
false);
INSERT INTO "mendixsystem$attribute" ("id", 
"entity_id", 
"attribute_name", 
"column_name", 
"type", 
"length", 
"default_value", 
"is_auto_number")
 VALUES ('3dde7d16-d888-4668-a4cb-98b856dced13', 
'4963d257-9c3f-4d35-afb4-9a9311719dc8', 
'UUID', 
'uuid', 
30, 
200, 
'', 
false);
INSERT INTO "mendixsystem$index" ("id", 
"table_id", 
"index_name")
 VALUES ('2aa48127-405f-45aa-9b1c-97537a128825', 
'4963d257-9c3f-4d35-afb4-9a9311719dc8', 
'idx_mendixsso$foreignidentity_uuid_asc');
INSERT INTO "mendixsystem$index_column" ("index_id", 
"column_id", 
"sort_order", 
"ordinal")
 VALUES ('2aa48127-405f-45aa-9b1c-97537a128825', 
'3dde7d16-d888-4668-a4cb-98b856dced13', 
false, 
0);
INSERT INTO "mendixsystem$unique_constraint" ("name", 
"table_id", 
"column_id")
 VALUES ('uniq_mendixsso$foreignidentity_uuid', 
'4963d257-9c3f-4d35-afb4-9a9311719dc8', 
'3dde7d16-d888-4668-a4cb-98b856dced13');
CREATE TABLE "mendixsso$foreignidentity_user" (
	"mendixsso$foreignidentityid" BIGINT NOT NULL,
	"system$userid" BIGINT NOT NULL,
	PRIMARY KEY("mendixsso$foreignidentityid","system$userid"),
	CONSTRAINT "uniq_mendixsso$foreignidentity_user_mendixsso$foreignidentityid" UNIQUE ("mendixsso$foreignidentityid"));
CREATE INDEX "idx_mendixsso$foreignidentity_user_system$user_mendixsso$foreignidentity" ON "mendixsso$foreignidentity_user" ("system$userid" ASC,"mendixsso$foreignidentityid" ASC);
INSERT INTO "mendixsystem$association" ("id", 
"association_name", 
"table_name", 
"parent_entity_id", 
"child_entity_id", 
"parent_column_name", 
"child_column_name", 
"index_name")
 VALUES ('a1af221b-b4ef-4729-89b8-aeed62bf0217', 
'MendixSSO.ForeignIdentity_User', 
'mendixsso$foreignidentity_user', 
'4963d257-9c3f-4d35-afb4-9a9311719dc8', 
'282e2e60-88a5-469d-84a5-ba8d9151644f', 
'mendixsso$foreignidentityid', 
'system$userid', 
'idx_mendixsso$foreignidentity_user_system$user_mendixsso$foreignidentity');
INSERT INTO "mendixsystem$unique_constraint" ("name", 
"table_id", 
"column_id")
 VALUES ('uniq_mendixsso$foreignidentity_user_mendixsso$foreignidentityid', 
'a1af221b-b4ef-4729-89b8-aeed62bf0217', 
'ea48cae9-2632-3d6d-a25f-c25a037d02fb');
CREATE TABLE "mendixsso$mendixssouser" (
	"id" BIGINT NOT NULL,
	"avatarthumburl" VARCHAR_IGNORECASE(500) NULL,
	"avatarurl" VARCHAR_IGNORECASE(500) NULL,
	"displayname" VARCHAR_IGNORECASE(200) NULL,
	"emailaddress" VARCHAR_IGNORECASE(500) NULL,
	PRIMARY KEY("id"));
INSERT INTO "mendixsystem$entity" ("id", 
"entity_name", 
"table_name", 
"superentity_id", 
"remote")
 VALUES ('2869d75c-9f5b-40d2-922a-9160c098d9df', 
'MendixSSO.MendixSSOUser', 
'mendixsso$mendixssouser', 
'282e2e60-88a5-469d-84a5-ba8d9151644f', 
false);
INSERT INTO "mendixsystem$attribute" ("id", 
"entity_id", 
"attribute_name", 
"column_name", 
"type", 
"length", 
"default_value", 
"is_auto_number")
 VALUES ('902fbb2c-7d31-46c2-a353-4fc8f2696df9', 
'2869d75c-9f5b-40d2-922a-9160c098d9df', 
'AvatarThumbURL', 
'avatarthumburl', 
30, 
500, 
'', 
false);
INSERT INTO "mendixsystem$attribute" ("id", 
"entity_id", 
"attribute_name", 
"column_name", 
"type", 
"length", 
"default_value", 
"is_auto_number")
 VALUES ('2cb6d9c5-a9f6-426f-ba02-a087c00a75af', 
'2869d75c-9f5b-40d2-922a-9160c098d9df', 
'AvatarURL', 
'avatarurl', 
30, 
500, 
'', 
false);
INSERT INTO "mendixsystem$attribute" ("id", 
"entity_id", 
"attribute_name", 
"column_name", 
"type", 
"length", 
"default_value", 
"is_auto_number")
 VALUES ('76109fdf-6369-46c4-846a-3e084ff912a4', 
'2869d75c-9f5b-40d2-922a-9160c098d9df', 
'DisplayName', 
'displayname', 
30, 
200, 
'', 
false);
INSERT INTO "mendixsystem$attribute" ("id", 
"entity_id", 
"attribute_name", 
"column_name", 
"type", 
"length", 
"default_value", 
"is_auto_number")
 VALUES ('c0439a19-c77a-4d19-8aab-fd3ee3180a3f', 
'2869d75c-9f5b-40d2-922a-9160c098d9df', 
'EmailAddress', 
'emailaddress', 
30, 
500, 
'', 
false);
CREATE TABLE "mendixsso$authrequest" (
	"id" BIGINT NOT NULL,
	"nonce" VARCHAR_IGNORECASE(200) NULL,
	"continuation" VARCHAR_IGNORECASE(1000) NULL,
	"createddate" TIMESTAMP NULL,
	"state" VARCHAR_IGNORECASE(200) NULL,
	PRIMARY KEY("id"));
INSERT INTO "mendixsystem$entity" ("id", 
"entity_name", 
"table_name", 
"remote")
 VALUES ('97b26b08-9894-48d9-945c-9cfcf2bdd773', 
'MendixSSO.AuthRequest', 
'mendixsso$authrequest', 
false);
INSERT INTO "mendixsystem$attribute" ("id", 
"entity_id", 
"attribute_name", 
"column_name", 
"type", 
"length", 
"default_value", 
"is_auto_number")
 VALUES ('421027f7-0430-4b8c-86f3-671dbfa00e71', 
'97b26b08-9894-48d9-945c-9cfcf2bdd773', 
'Nonce', 
'nonce', 
30, 
200, 
'', 
false);
INSERT INTO "mendixsystem$attribute" ("id", 
"entity_id", 
"attribute_name", 
"column_name", 
"type", 
"length", 
"default_value", 
"is_auto_number")
 VALUES ('77fa028b-e77a-4215-b6e6-7bbaa4932df0', 
'97b26b08-9894-48d9-945c-9cfcf2bdd773', 
'Continuation', 
'continuation', 
30, 
1000, 
'', 
false);
INSERT INTO "mendixsystem$attribute" ("id", 
"entity_id", 
"attribute_name", 
"column_name", 
"type", 
"length", 
"default_value", 
"is_auto_number")
 VALUES ('42cc7c1b-5e3a-3151-9285-b77b5c14e202', 
'97b26b08-9894-48d9-945c-9cfcf2bdd773', 
'createdDate', 
'createddate', 
20, 
0, 
'', 
false);
INSERT INTO "mendixsystem$attribute" ("id", 
"entity_id", 
"attribute_name", 
"column_name", 
"type", 
"length", 
"default_value", 
"is_auto_number")
 VALUES ('37579dd6-0d25-440f-a383-bd36b367a6c0', 
'97b26b08-9894-48d9-945c-9cfcf2bdd773', 
'State', 
'state', 
30, 
200, 
'', 
false);
CREATE TABLE "mendixsso$token" (
	"id" BIGINT NOT NULL,
	"expiresin" INT NULL,
	"tokentype" VARCHAR_IGNORECASE(13) NULL,
	"createddate" TIMESTAMP NULL,
	"value" VARCHAR_IGNORECASE(2147483647) NULL,
	"expiresat" TIMESTAMP NULL,
	"sessionid" VARCHAR_IGNORECASE(200) NULL,
	PRIMARY KEY("id"));
INSERT INTO "mendixsystem$entity" ("id", 
"entity_name", 
"table_name", 
"remote")
 VALUES ('f83f7cb9-6b7e-410d-85b5-3c5120200094', 
'MendixSSO.Token', 
'mendixsso$token', 
false);
INSERT INTO "mendixsystem$attribute" ("id", 
"entity_id", 
"attribute_name", 
"column_name", 
"type", 
"length", 
"default_value", 
"is_auto_number")
 VALUES ('4ab6e18e-88b6-4898-8b46-fc179b019aaa', 
'f83f7cb9-6b7e-410d-85b5-3c5120200094', 
'ExpiresIn', 
'expiresin', 
3, 
0, 
'0', 
false);
INSERT INTO "mendixsystem$attribute" ("id", 
"entity_id", 
"attribute_name", 
"column_name", 
"type", 
"length", 
"default_value", 
"is_auto_number")
 VALUES ('61db1ff0-ecdf-4d8b-8458-5e476080cf58', 
'f83f7cb9-6b7e-410d-85b5-3c5120200094', 
'TokenType', 
'tokentype', 
40, 
13, 
'', 
false);
INSERT INTO "mendixsystem$attribute" ("id", 
"entity_id", 
"attribute_name", 
"column_name", 
"type", 
"length", 
"default_value", 
"is_auto_number")
 VALUES ('13abb21b-373a-37ec-89b1-9c2fae3a9860', 
'f83f7cb9-6b7e-410d-85b5-3c5120200094', 
'createdDate', 
'createddate', 
20, 
0, 
'', 
false);
INSERT INTO "mendixsystem$attribute" ("id", 
"entity_id", 
"attribute_name", 
"column_name", 
"type", 
"length", 
"default_value", 
"is_auto_number")
 VALUES ('64414328-ba06-480e-8216-9ae0be715c3e', 
'f83f7cb9-6b7e-410d-85b5-3c5120200094', 
'Value', 
'value', 
30, 
0, 
'', 
false);
INSERT INTO "mendixsystem$attribute" ("id", 
"entity_id", 
"attribute_name", 
"column_name", 
"type", 
"length", 
"default_value", 
"is_auto_number")
 VALUES ('d9fc5a77-9f59-4feb-9c46-a6a41a0a4672', 
'f83f7cb9-6b7e-410d-85b5-3c5120200094', 
'ExpiresAt', 
'expiresat', 
20, 
0, 
'', 
false);
INSERT INTO "mendixsystem$attribute" ("id", 
"entity_id", 
"attribute_name", 
"column_name", 
"type", 
"length", 
"default_value", 
"is_auto_number")
 VALUES ('9c37528b-1490-4a4c-91b7-0f6e090c3fbd', 
'f83f7cb9-6b7e-410d-85b5-3c5120200094', 
'SessionId', 
'sessionid', 
30, 
200, 
'', 
false);
CREATE TABLE "mendixsso$token_user" (
	"mendixsso$tokenid" BIGINT NOT NULL,
	"system$userid" BIGINT NOT NULL,
	PRIMARY KEY("mendixsso$tokenid","system$userid"),
	CONSTRAINT "uniq_mendixsso$token_user_mendixsso$tokenid" UNIQUE ("mendixsso$tokenid"));
CREATE INDEX "idx_mendixsso$token_user_system$user_mendixsso$token" ON "mendixsso$token_user" ("system$userid" ASC,"mendixsso$tokenid" ASC);
INSERT INTO "mendixsystem$association" ("id", 
"association_name", 
"table_name", 
"parent_entity_id", 
"child_entity_id", 
"parent_column_name", 
"child_column_name", 
"index_name")
 VALUES ('46c8becc-1a44-4f1d-9549-33199fc00898', 
'MendixSSO.Token_User', 
'mendixsso$token_user', 
'f83f7cb9-6b7e-410d-85b5-3c5120200094', 
'282e2e60-88a5-469d-84a5-ba8d9151644f', 
'mendixsso$tokenid', 
'system$userid', 
'idx_mendixsso$token_user_system$user_mendixsso$token');
INSERT INTO "mendixsystem$unique_constraint" ("name", 
"table_id", 
"column_id")
 VALUES ('uniq_mendixsso$token_user_mendixsso$tokenid', 
'46c8becc-1a44-4f1d-9549-33199fc00898', 
'324cf4bd-cc56-3a4e-820e-6d00e744531f');
UPDATE "mendixsystem$version"
 SET "versionnumber" = '4.2', 
"lastsyncdate" = '20200211 11:24:02';
